tipo_contenedor,nombre_punto,descripcion,latitud,longitud
Fracción Resto,Punto 328,,38.7883725,0.1744066
Fracción Resto,Punto 326,,38.7857863,0.1644153
Fracción Resto,Punto 317,,38.7583377,0.2061345
Fracción Resto,Punto 317,,38.7886945,0.1730749
Fracción Resto,Punto 316,,38.7798284,0.1504464
Fracción Resto,Punto 5,,38.788627074891,0.129002183675766
Fracción Resto,Punto 6,,38.7886197575075,0.129027664661407
Fracción Resto,Punto 7,,38.7886129627936,0.129047110676765
Fracción Resto,Punto 8,,38.7874468757649,0.142026320099831
Fracción Resto,Punto 9,,38.7874683055954,0.142028331756592
Fracción Resto,Punto 10,,38.787489212741,0.142029672861099
Fracción Resto,Punto 11,,38.7877259857366,0.151289328932762
Fracción Resto,Punto 13,,38.7836390584942,0.152118131518364
Fracción Resto,Punto 14,,38.7836380130806,0.152093321084976
Fracción Resto,Punto 15,,38.7867914,0.1582872
Fracción Resto,Punto 16,,38.7886892726201,0.157163366675377
Fracción Resto,Punto 17,,38.7908917689826,0.158892050385475
Fracción Resto,Punto 18,,38.7923515255858,0.161497816443443
Fracción Resto,Punto 19,,38.7923609331576,0.161521956324577
Fracción Resto,Punto 20,,38.7931976794399,0.159070417284966
Fracción Resto,Punto 21,,38.7961787368873,0.156896486878395
Fracción Resto,Punto 23,,38.8030136887402,0.16154944896698
Fracción Resto,Punto 24,,38.802992786148,0.161559507250786
Fracción Resto,Punto 25,,38.8033010987607,0.163083001971245
Fracción Resto,Punto 26,,38.8057022335395,0.185801982879639
Fracción Resto,Punto 27,,38.7911186002911,0.16386017203331
Fracción Resto,Punto 29,,38.7900121375196,0.162307843565941
Fracción Resto,Punto 30,,38.7900299079596,0.162323266267776
Fracción Resto,Punto 31,,38.7892354604314,0.161452889442444
Fracción Resto,Punto 32,,38.7892223937862,0.161474347114563
Fracción Resto,Punto 33,,38.7901647540953,0.160847380757332
Fracción Resto,Punto 34,,38.7894523663917,0.159421786665916
Fracción Resto,Punto 35,,38.7894722276274,0.159407034516335
Fracción Resto,Punto 36,,38.7885329941893,0.158810913562775
Fracción Resto,Punto 37,,38.7882063241221,0.160475894808769
Fracción Resto,Punto 38,,38.7882230496659,0.16045980155468
Fracción Resto,Punto 39,,38.7854319202369,0.159202516078949
Fracción Resto,Punto 41,,38.7859687245894,0.160219073295593
Fracción Resto,Punto 42,,38.7859891094851,0.160217732191086
Fracción Resto,Punto 43,,38.7871337904326,0.161269828677177
Fracción Resto,Punto 44,,38.7885915333071,0.165202617645264
Fracción Resto,Punto 45,,38.7894711822993,0.164865329861641
Fracción Resto,Punto 46,,38.789450275735,0.164861977100372
Fracción Resto,Punto 47,,38.7902677178334,0.164588391780853
Fracción Resto,Punto 48,,38.7894288465002,0.163311660289764
Fracción Resto,Punto 49,,38.7894413904433,0.163336470723152
Fracción Resto,Punto 50,,38.7865729513332,0.164002999663353
Fracción Resto,Punto 51,,38.7862839057876,0.162414461374283
Fracción Resto,Punto 52,,38.7862666571013,0.162424519658089
Fracción Resto,Punto 53,,38.7838324597434,0.164139121770859
Fracción Resto,Punto 54,,38.7838214829299,0.164109617471695
Fracción Resto,Punto 56,,38.7853341,0.1626002
Fracción Resto,Punto 57,,38.7857659206936,0.16442745923996
Fracción Resto,Punto 58,,38.7833536600167,0.161177292466164
Fracción Resto,Punto 59,,38.7833358879125,0.161172598600388
Fracción Resto,Punto 60,,38.7815952456618,0.155541300773621
Fracción Resto,Punto 61,,38.7815915866093,0.155516490340233
Fracción Resto,Punto 62,,38.7809434086348,0.151059329509735
Fracción Resto,Punto 63,,38.7809245904765,0.151062682271004
Fracción Resto,Punto 65,,38.7751058823549,0.139539241790771
Fracción Resto,Punto 66,,38.7750828805004,0.139536559581757
Fracción Resto,Punto 68,,38.7768686,0.1108195
Fracción Resto,Punto 69,,38.7701749515366,0.148464292287827
Fracción Resto,Punto 70,,38.7701603129818,0.14845222234726
Fracción Resto,Punto 71,,38.768915502028,0.148257091641426
Fracción Resto,Punto 72,,38.7613060510275,0.1450015604496
Fracción Resto,Punto 73,,38.7612882734294,0.144994184374809
Fracción Resto,Punto 74,,38.7612657899902,0.14498345553875
Fracción Resto,Punto 75,,38.7622498259781,0.148002952337265
Fracción Resto,Punto 76,,38.7622456430696,0.147978141903877
Fracción Resto,Punto 77,,38.7474156912548,0.149279683828354
Fracción Resto,Punto 78,,38.7473952953349,0.149287730455399
Fracción Resto,Punto 79,,38.7440712,0.1660626
Fracción Resto,Punto 80,,38.7503432297651,0.169227942824364
Fracción Resto,Punto 82,,38.7539949,0.1807172
Fracción Resto,Punto 83,,38.7540012,0.1807467
Fracción Resto,Punto 84,,38.7540027,0.1807702
Fracción Resto,Punto 85,,38.7505655,0.1819362
Fracción Resto,Punto 86,,38.7564306402666,0.181834995746613
Fracción Resto,Punto 87,,38.7564578313832,0.181828960776329
Fracción Resto,Punto 88,,38.7621018554397,0.185737609863281
Fracción Resto,Punto 89,,38.7620835551752,0.185737609863281
Fracción Resto,Punto 90,,38.7620626405813,0.185737609863281
Fracción Resto,Punto 91,,38.7639914632116,0.188272967934608
Fracción Resto,Punto 92,,38.7631731970348,0.189103782176971
Fracción Resto,Punto 93,,38.7641394298315,0.181978493928909
Fracción Resto,Punto 94,,38.7641315870855,0.182001292705536
Fracción Resto,Punto 95,,38.7660085930435,0.177476406097412
Fracción Resto,Punto 96,,38.7659866339278,0.177469700574875
Fracción Resto,Punto 97,,38.765964151969,0.17746165394783
Fracción Resto,Punto 98,,38.7694932099386,0.168889313936234
Fracción Resto,Punto 99,,38.7741073859323,0.165629088878632
Fracción Resto,Punto 100,,38.7708786442363,0.1573745906353
Fracción Resto,Punto 101,,38.7708734162329,0.157400071620941
Fracción Resto,Punto 102,,38.7623649,0.1922326
Fracción Resto,Punto 103,,38.7623439,0.1922272
Fracción Resto,Punto 105,,38.7615251334166,0.196534842252731
Fracción Resto,Punto 106,,38.7612448751567,0.201787948608398
Fracción Resto,Punto 107,,38.7612438294149,0.201758444309235
Fracción Resto,Punto 110,,38.7545659324438,0.206624642014503
Fracción Resto,Punto 111,,38.756046303184,0.208195745944977
Fracción Resto,Punto 112,,38.760378,0.1976238
Fracción Resto,Punto 113,,38.7598310181978,0.197500437498093
Fracción Resto,Punto 114,,38.7603601720853,0.197621136903763
Fracción Resto,Punto 116,,38.7517698252478,0.212414860725403
Fracción Resto,Punto 118,,38.7505597310611,0.219567641615868
Fracción Resto,Punto 119,,38.7485672668142,0.217938870191574
Fracción Resto,Punto 120,,38.7458624468413,0.215117186307907
Fracción Resto,Punto 121,,38.7450565245566,0.216079428792
Fracción Resto,Punto 122,,38.7430372335108,0.215262025594711
Fracción Resto,Punto 123,,38.7380910105616,0.216232314705849
Fracción Resto,Punto 124,,38.7380936257642,0.216259136795998
Fracción Resto,Punto 125,,38.7380962409666,0.216284617781639
Fracción Resto,Punto 126,,38.738098856169,0.216310098767281
Fracción Resto,Punto 127,,38.7402244609949,0.223963111639023
Fracción Resto,Punto 128,,38.7402192307457,0.223941653966904
Fracción Resto,Punto 129,,38.7332752141008,0.229019075632095
Fracción Resto,Punto 132,,38.7352168450487,0.225964039564133
Fracción Resto,Punto 133,,38.7352016762614,0.225940570235252
Fracción Resto,Punto 134,,38.7359250669071,0.222207605838776
Fracción Resto,Punto 135,,38.7384995040431,0.211004018783569
Fracción Resto,Punto 136,,38.738478059501,0.211002677679062
Fracción Resto,Punto 137,,38.7384576610282,0.211008042097092
Fracción Resto,Punto 140,,38.7309987519845,0.195445865392685
Fracción Resto,Punto 141,,38.7309642278738,0.195439159870148
Fracción Resto,Punto 142,,38.7411784520402,0.211092531681061
Fracción Resto,Punto 143,,38.7444995385574,0.209072828292847
Fracción Resto,Punto 144,,38.7451752430764,0.210224837064743
Fracción Resto,Punto 145,,38.7451783810082,0.210255682468414
Fracción Resto,Punto 146,,38.7486362980015,0.209618657827377
Fracción Resto,Punto 147,,38.7501779771262,0.203788876533508
Fracción Resto,Punto 148,,38.7510408427016,0.20136684179306
Fracción Resto,Punto 149,,38.7510502557231,0.201398357748985
Fracción Resto,Punto 150,,38.7524140848305,0.201374217867851
Fracción Resto,Punto 151,,38.7539671867056,0.202493369579315
Fracción Resto,Punto 152,,38.754561226165,0.202158093452454
Fracción Resto,Punto 153,,38.7533731423024,0.198118686676025
Fracción Resto,Punto 154,,38.7548958941057,0.200582295656204
Fracción Resto,Punto 158,,38.7495682124971,0.194079279899597
Fracción Resto,Punto 159,,38.748735660957,0.191658586263657
Fracción Resto,Punto 161,,38.7453739784828,0.195266157388687
Fracción Resto,Punto 162,,38.7471447911265,0.199162065982819
Fracción Resto,Punto 163,,38.7474345182525,0.196130499243736
Fracción Resto,Punto 164,,38.7487398,0.1942825
Fracción Resto,Punto 165,,38.7500043568531,0.197820961475372
Fracción Resto,Punto 169,,38.7574727846897,0.201404392719269
Fracción Resto,Punto 170,,38.7581243,0.2149013
Fracción Resto,Punto 171,,38.7759266254918,0.119613781571388
Fracción Resto,Punto 172,,38.7656776,0.1893505
Fracción Resto,Punto 173,,38.7676571,0.1874126
Fracción Resto,Punto 174,,38.7676686,0.1874301
Fracción Resto,Punto 175,,38.7687644,0.1875266
Fracción Resto,Punto 176,,38.7699083,0.1871069
Fracción Resto,Punto 178,,38.7693635528238,0.185374170541763
Fracción Resto,Punto 179,,38.770967520235,0.185273587703705
Fracción Resto,Punto 180,,38.7709811130252,0.185304433107376
Fracción Resto,Punto 181,,38.7709894778178,0.185324549674988
Fracción Resto,Punto 182,,38.7724449,0.185452
Fracción Resto,Punto 183,,38.7724638,0.1854385
Fracción Resto,Punto 185,,38.7733635,0.1850711
Fracción Resto,Punto 186,,38.7733462,0.1850791
Fracción Resto,Punto 187,,38.7735757,0.1847459
Fracción Resto,Punto 188,,38.7748209724972,0.184328109025955
Fracción Resto,Punto 190,,38.7792163,0.1814957
Fracción Resto,Punto 191,,38.7821493,0.1801137
Fracción Resto,Punto 192,,38.7818325609507,0.179180949926376
Fracción Resto,Punto 193,,38.7717449,0.182399
Fracción Resto,Punto 194,,38.7717732,0.1823915
Fracción Resto,Punto 195,,38.7855605,0.1770687
Fracción Resto,Punto 196,,38.7851978,0.1758282
Fracción Resto,Punto 197,,38.7851894,0.1758027
Fracción Resto,Punto 198,,38.7737388274381,0.183446332812309
Fracción Resto,Punto 199,,38.7839192287822,0.172014757990837
Fracción Resto,Punto 200,,38.7838988432946,0.172022804617882
Fracción Resto,Punto 201,,38.7863701,0.1674543
Fracción Resto,Punto 202,,38.7877213,0.1698013
Fracción Resto,Punto 203,,38.7877474,0.1722689
Fracción Resto,Punto 204,,38.7877589,0.1722904
Fracción Resto,Punto 206,,38.7862651,0.1772169
Fracción Resto,Punto 207,,38.7862473,0.177235
Fracción Resto,Punto 208,,38.7860351,0.1727953
Fracción Resto,Punto 209,,38.7894431,0.1731225
Fracción Resto,Punto 210,,38.7904041,0.1720597
Fracción Resto,Punto 211,,38.7904235,0.172063
Fracción Resto,Punto 212,,38.7887834,0.1705281
Fracción Resto,Punto 213,,38.7892788,0.1700628
Fracción Resto,Punto 214,,38.7892862,0.1700433
Fracción Resto,Punto 215,,38.7890421,0.1675683
Fracción Resto,Punto 216,,38.7895511498513,0.167009085416794
Fracción Resto,Punto 217,,38.7895344246191,0.167020484805107
Fracción Resto,Punto 218,,38.7889662870569,0.166400894522667
Fracción Resto,Punto 219,,38.7901313039149,0.166032761335373
Fracción Resto,Punto 220,,38.790141757098,0.16605019569397
Fracción Resto,Punto 221,,38.7911353,0.166655
Fracción Resto,Punto 222,,38.791522086457,0.167860686779022
Fracción Resto,Punto 223,,38.7915064069854,0.167872756719589
Fracción Resto,Punto 224,,38.7901725939791,0.167481824755669
Fracción Resto,Punto 225,,38.7901647540953,0.167457014322281
Fracción Resto,Punto 226,,38.7900753793594,0.169321149587631
Fracción Resto,Punto 227,,38.7900576089308,0.169327855110168
Fracción Resto,Punto 228,,38.7927921122,0.165968388319016
Fracción Resto,Punto 229,,38.7942732576718,0.165533870458603
Fracción Resto,Punto 230,,38.79320865481,0.169885084033012
Fracción Resto,Punto 231,,38.7932112679931,0.169858261942863
Fracción Resto,Punto 232,,38.7924085,0.1703545
Fracción Resto,Punto 233,,38.7924163,0.1703706
Fracción Resto,Punto 235,,38.7935311208804,0.173649564385414
Fracción Resto,Punto 236,,38.7933947132069,0.176467895507812
Fracción Resto,Punto 237,,38.7947755022007,0.178168416023254
Fracción Resto,Punto 238,,38.7953164171677,0.180232375860214
Fracción Resto,Punto 239,,38.7952965575604,0.180243104696274
Fracción Resto,Punto 240,,38.7970556792111,0.181488990783691
Fracción Resto,Punto 241,,38.7970514983436,0.181466192007065
Fracción Resto,Punto 243,,38.7972908,0.1837078
Fracción Resto,Punto 244,,38.7988847852081,0.186479911208153
Fracción Resto,Punto 245,,38.7989454,0.1885546
Fracción Resto,Punto 246,,38.7944196,0.177988
Fracción Resto,Punto 248,,38.7946934500065,0.179944038391113
Fracción Resto,Punto 249,,38.7947018120178,0.179969519376755
Fracción Resto,Punto 250,,38.7947096514026,0.179994329810143
Fracción Resto,Punto 251,,38.7943255205349,0.180914998054504
Fracción Resto,Punto 252,,38.7943035701371,0.180916339159012
Fracción Resto,Punto 253,,38.7943913716878,0.181927531957626
Fracción Resto,Punto 254,,38.7943699439384,0.181928873062134
Fracción Resto,Punto 255,,38.7943453804128,0.181930214166641
Fracción Resto,Punto 256,,38.7955536867855,0.182376801967621
Fracción Resto,Punto 257,,38.7955657070315,0.182404294610023
Fracción Resto,Punto 258,,38.7960418116651,0.183213651180267
Fracción Resto,Punto 259,,38.7932927992575,0.178865790367126
Fracción Resto,Punto 260,,38.7925825,0.1798468
Fracción Resto,Punto 262,,38.7920076257194,0.176760256290436
Fracción Resto,Punto 263,,38.7915424697648,0.178471505641937
Fracción Resto,Punto 264,,38.7925072730038,0.18108531832695
Fracción Resto,Punto 265,,38.7925537881063,0.181244239211082
Fracción Resto,Punto 266,,38.7925354956539,0.181269720196724
Fracción Resto,Punto 267,,38.7890949,0.1816037
Fracción Resto,Punto 268,,38.7873146378874,0.180882811546326
Fracción Resto,Punto 269,,38.7883934,0.1818766
Fracción Resto,Punto 271,,38.7835053,0.1843334
Fracción Resto,Punto 272,,38.780026,0.1869245
Fracción Resto,Punto 273,,38.7761958,0.1897247
Fracción Resto,Punto 274,,38.7762047,0.1897408
Fracción Resto,Punto 275,,38.7762841947073,0.188094601035118
Fracción Resto,Punto 276,,38.7762915133567,0.188119411468506
Fracción Resto,Punto 277,,38.7762998775266,0.188142880797386
Fracción Resto,Punto 278,,38.7796193,0.185403
Fracción Resto,Punto 279,,38.7819412866343,0.183794349431992
Fracción Resto,Punto 280,,38.7811342035698,0.183158665895462
Fracción Resto,Punto 281,,38.7830729647954,0.182080417871475
Fracción Resto,Punto 282,,38.7838058017646,0.181246921420097
Fracción Resto,Punto 283,,38.7856681773729,0.180190801620483
Fracción Resto,Punto 284,,38.7866957822682,0.179670453071594
Fracción Resto,Punto 285,,38.7877181455838,0.179182291030884
Fracción Resto,Punto 286,,38.7891304045363,0.178836286067963
Fracción Resto,Punto 287,,38.7905562245714,0.179689228534698
Fracción Resto,Punto 288,,38.7902426302358,0.175478160381317
Fracción Resto,Punto 289,,38.7918022257676,0.174693614244461
Fracción Resto,Punto 290,,38.7929551755945,0.172735601663589
Fracción Resto,Punto 291,,38.7885753,0.1726042
Fracción Resto,Punto 292,,38.7777980936285,0.185285657644272
Fracción Resto,Punto 294,,38.77605679344,0.186001136898994
Fracción Resto,Punto 295,,38.7749825086847,0.18663078546524
Fracción Resto,Punto 296,,38.7744007,0.1857477
Fracción Resto,Punto 297,,38.7730618,0.1866972
Fracción Resto,Punto 298,,38.772172,0.1871813
Fracción Resto,Punto 299,,38.7745219466152,0.187589675188065
Fracción Resto,Punto 300,,38.7745795,0.1887806
Fracción Resto,Punto 301,,38.7745632,0.1887611
Fracción Resto,Punto 303,,38.7732056,0.1880684
Fracción Resto,Punto 304,,38.7732097,0.1880316
Fracción Resto,Punto 305,,38.7720178,0.1891192
Fracción Resto,Punto 306,,38.7720032,0.189138
Fracción Resto,Punto 307,,38.7717068,0.1895738
Fracción Resto,Punto 308,,38.7716968,0.1895913
Fracción Resto,Punto 309,,38.7711599,0.1907104
Fracción Resto,Punto 310,,38.7711709,0.190689
Fracción Resto,Punto 311,,38.7708551,0.1926698
Fracción Resto,Punto 312,,38.7708624,0.1926973
Fracción Resto,Punto 313,,38.7708724,0.1927295
Fracción Resto,Punto 314,,38.7708781,0.1927536
Fracción Resto,Punto 315,,38.7718735263051,0.193513333797455
Fracción Resto,Punto 316,,38.7718604564782,0.193532109260559
Fracción Resto,Punto 317,,38.7698121,0.1909049
Fracción Resto,Punto 318,,38.7698309,0.190917
Fracción Resto,Punto 320,,38.7712326,0.1879685
Fracción Resto,Punto 321,,38.7712169,0.1879819
Fracción Resto,Punto 322,,38.770475,0.1867059
Fracción Resto,Punto 323,,38.7704552,0.1867166
Fracción Resto,Punto 324,,38.7611126,0.1996918
Fracción Resto,Punto 325,,38.7596762451729,0.204260945320129
Fracción Resto,Punto 326,,38.7649457,0.2005635
Fracción Resto,Punto 327,,38.7649582,0.2005394
Fracción Resto,Punto 328,,38.7644605,0.2031264
Fracción Resto,Punto 329,,38.7656672,0.2014513
Fracción Resto,Punto 331,,38.7672817,0.1996824
Fracción Resto,Punto 333,,38.7683519,0.1983889
Fracción Resto,Punto 335,,38.7702105,0.1956403
Fracción Resto,Punto 336,,38.76100226264,0.17259880900383
Fracción Resto,Punto 338,,38.7444848947354,0.209091603755951
Fracción Resto,Punto 341,,38.7611298,0.1996898
Fracción Resto,Punto 342,,38.7579826089572,0.14863058924675
Fracción Resto,Punto 343,,38.7869863941908,0.15429675579071
Fracción Resto,Punto 345,,38.7883971,0.1819
Fracción Resto,Punto 346,,38.7610859,0.1996864
Fracción Resto,Punto 349,,38.7798226741075,0.150386095046997
Fracción Resto,Punto 315,,38.7766564,0.1833491
Fracción Resto,Punto 315,,38.7973138,0.1837206
Fracción Resto,Punto 313,,38.7946893,0.116192
Fracción Resto,Punto 314,,38.7946882,0.1162161
Fracción Resto,Punto 315,,38.794684,0.1162402
Fracción Resto,Punto 316,,38.7701645,0.1894391
Vidrio,Punto 221,,38.779269,0.181466
Vidrio,Punto 222,,38.738463,0.211042
Vidrio,Punto 223,,38.803288,0.163046
Vidrio,Punto 224,,38.744508,0.20907
Vidrio,Punto 225,,38.788372,0.181792
Vidrio,Punto 226,,38.788398,0.174392
Vidrio,Punto 228,,38.787598,0.1649
Vidrio,Punto 6,,38.789454,0.15942
Vidrio,Punto 15,,38.794182,0.18193
Vidrio,Punto 105,,38.787366,0.142097
Vidrio,Punto 106,,38.787627,0.129918
Vidrio,Punto 107,,38.788639,0.128954
Vidrio,Punto 108,,38.788647,0.12893
Vidrio,Punto 109,,38.788654,0.128907
Vidrio,Punto 112,,38.797591,0.107326
Vidrio,Punto 113,,38.785805,0.1644043
Vidrio,Punto 114,,38.7864061,0.1674018
Vidrio,Punto 16,,38.795438,0.181869
Vidrio,Punto 115,,38.7876973,0.169746
Vidrio,Punto 116,,38.7860247,0.172775
Vidrio,Punto 117,,38.783962,0.171974
Vidrio,Punto 118,,38.783973,0.171956
Vidrio,Punto 119,,38.785159,0.175717
Vidrio,Punto 120,,38.7862646,0.1772665
Vidrio,Punto 121,,38.791769,0.174574
Vidrio,Punto 123,,38.774833,0.184317
Vidrio,Punto 124,,38.77375,0.183525
Vidrio,Punto 17,,38.795441,0.181884
Vidrio,Punto 125,,38.771699,0.182401
Vidrio,Punto 126,,38.7735617,0.1847106
Vidrio,Punto 127,,38.7733211,0.1851299
Vidrio,Punto 128,,38.7725357,0.1854073
Vidrio,Punto 129,,38.770988,0.185376
Vidrio,Punto 130,,38.7676715,0.1874507
Vidrio,Punto 131,,38.769324,0.185298
Vidrio,Punto 132,,38.7698972,0.1871454
Vidrio,Punto 133,,38.7705076,0.1867303
Vidrio,Punto 134,,38.768764,0.1874879
Vidrio,Punto 18,,38.795614,0.18252
Vidrio,Punto 135,,38.7656428,0.1893403
Vidrio,Punto 136,,38.7743945,0.1857252
Vidrio,Punto 138,,38.775052,0.18663
Vidrio,Punto 139,,38.774129,0.186648
Vidrio,Punto 140,,38.7730674,0.1866607
Vidrio,Punto 141,,38.7721742,0.1871456
Vidrio,Punto 142,,38.7711637,0.1880285
Vidrio,Punto 143,,38.7696862,0.1908078
Vidrio,Punto 144,,38.7697053,0.1908187
Vidrio,Punto 19,,38.796085,0.183292
Vidrio,Punto 145,,38.7731437,0.1881197
Vidrio,Punto 146,,38.7731385,0.1881466
Vidrio,Punto 147,,38.7731354,0.1881647
Vidrio,Punto 148,,38.7732004,0.1881362
Vidrio,Punto 149,,38.7745162,0.187667
Vidrio,Punto 150,,38.7745079,0.1887043
Vidrio,Punto 151,,38.774502,0.1886993
Vidrio,Punto 152,,38.7762483,0.1898613
Vidrio,Punto 153,,38.7762666,0.1898507
Vidrio,Punto 154,,38.7800107,0.1869378
Vidrio,Punto 20,,38.7972983,0.1836732
Vidrio,Punto 156,,38.7834814,0.1842688
Vidrio,Punto 157,,38.7720681,0.189011
Vidrio,Punto 158,,38.772057,0.1890256
Vidrio,Punto 159,,38.7716202,0.1897426
Vidrio,Punto 160,,38.7716112,0.1897586
Vidrio,Punto 161,,38.7711197,0.1907747
Vidrio,Punto 162,,38.7711108,0.190798
Vidrio,Punto 163,,38.7709203,0.1929196
Vidrio,Punto 164,,38.7709163,0.1929083
Vidrio,Punto 21,,38.798888,0.186459
Vidrio,Punto 165,,38.7709155,0.1928929
Vidrio,Punto 166,,38.771828,0.193566
Vidrio,Punto 167,,38.7672974,0.1996653
Vidrio,Punto 168,,38.7651072,0.2002285
Vidrio,Punto 170,,38.7642749,0.2035329
Vidrio,Punto 171,,38.761233,0.201671
Vidrio,Punto 172,,38.760921,0.201118
Vidrio,Punto 173,,38.759824,0.197526
Vidrio,Punto 174,,38.761407,0.196271
Vidrio,Punto 22,,38.7989435,0.1885248
Vidrio,Punto 175,,38.7623074,0.1921536
Vidrio,Punto 176,,38.763953,0.188339
Vidrio,Punto 177,,38.763906,0.188423
Vidrio,Punto 179,,38.754491,0.206656
Vidrio,Punto 181,,38.756013,0.208255
Vidrio,Punto 182,,38.751821,0.212489
Vidrio,Punto 183,,38.750526,0.219664
Vidrio,Punto 184,,38.7485,0.217854
Vidrio,Punto 23,,38.795222,0.180265
Vidrio,Punto 185,,38.74585,0.215045
Vidrio,Punto 186,,38.744988,0.216077
Vidrio,Punto 187,,38.743035,0.215305
Vidrio,Punto 188,,38.737988,0.216171
Vidrio,Punto 189,,38.737994,0.216198
Vidrio,Punto 190,,38.738,0.216227
Vidrio,Punto 191,,38.740238,0.223995
Vidrio,Punto 192,,38.733215,0.22903
Vidrio,Punto 193,,38.735143,0.225837
Vidrio,Punto 194,,38.735914,0.222187
Vidrio,Punto 24,,38.794745,0.180094
Vidrio,Punto 195,,38.736749,0.216937
Vidrio,Punto 196,,38.738499,0.211032
Vidrio,Punto 197,,38.73848,0.211039
Vidrio,Punto 198,,38.741164,0.211116
Vidrio,Punto 199,,38.745172,0.210185
Vidrio,Punto 200,,38.744485,0.20909
Vidrio,Punto 201,,38.79708,0.181497
Vidrio,Punto 202,,38.753986,0.202402
Vidrio,Punto 203,,38.748654,0.209641
Vidrio,Punto 204,,38.750174,0.203694
Vidrio,Punto 25,,38.79335,0.17889
Vidrio,Punto 205,,38.7510594,0.2014188
Vidrio,Punto 206,,38.752428,0.201394
Vidrio,Punto 207,,38.72986,0.19682
Vidrio,Punto 208,,38.803103,0.161528
Vidrio,Punto 209,,38.803083,0.161529
Vidrio,Punto 210,,38.7505321,0.1818361
Vidrio,Punto 211,,38.790929,0.158975
Vidrio,Punto 212,,38.793162,0.159078
Vidrio,Punto 213,,38.792318,0.161414
Vidrio,Punto 214,,38.791554,0.16294
Vidrio,Punto 26,,38.794715,0.178187
Vidrio,Punto 215,,38.796183,0.156872
Vidrio,Punto 27,,38.793408,0.176497
Vidrio,Punto 28,,38.791942,0.176779
Vidrio,Punto 29,,38.791558,0.178556
Vidrio,Punto 30,,38.790492,0.179723
Vidrio,Punto 31,,38.787325,0.180864
Vidrio,Punto 32,,38.781903,0.183814
Vidrio,Punto 33,,38.7795923,0.1853221
Vidrio,Punto 34,,38.776104,0.185954
Vidrio,Punto 8,,38.7872364,0.182574
Vidrio,Punto 35,,38.78113,0.183192
Vidrio,Punto 36,,38.783114,0.182088
Vidrio,Punto 37,,38.783812,0.181206
Vidrio,Punto 38,,38.786692,0.179641
Vidrio,Punto 39,,38.787647,0.179196
Vidrio,Punto 40,,38.789145,0.178851
Vidrio,Punto 41,,38.790173,0.175524
Vidrio,Punto 42,,38.7894758,0.1731384
Vidrio,Punto 43,,38.790496,0.1720775
Vidrio,Punto 44,,38.7887324,0.1705709
Vidrio,Punto 9,,38.7879369,0.1823782
Vidrio,Punto 45,,38.7892953,0.1700092
Vidrio,Punto 46,,38.790099,0.169308
Vidrio,Punto 47,,38.791462,0.167827
Vidrio,Punto 48,,38.7923868,0.170284
Vidrio,Punto 49,,38.793215,0.16982
Vidrio,Punto 50,,38.793592,0.173617
Vidrio,Punto 51,,38.7911683,0.1666576
Vidrio,Punto 52,,38.790172,0.166104
Vidrio,Punto 53,,38.789457,0.165062
Vidrio,Punto 54,,38.79015,0.167422
Vidrio,Punto 10,,38.7904165,0.1817342
Vidrio,Punto 55,,38.789507,0.167028
Vidrio,Punto 56,,38.789187,0.168396
Vidrio,Punto 57,,38.788966,0.166477
Vidrio,Punto 58,,38.788614,0.165279
Vidrio,Punto 59,,38.790311,0.164638
Vidrio,Punto 60,,38.79008,0.162396
Vidrio,Punto 61,,38.790166,0.160813
Vidrio,Punto 62,,38.78874,0.157202
Vidrio,Punto 63,,38.786997,0.158129
Vidrio,Punto 64,,38.785411,0.159212
Vidrio,Punto 11,,38.792476,0.181335
Vidrio,Punto 65,,38.78601,0.160218
Vidrio,Punto 66,,38.788077,0.160521
Vidrio,Punto 67,,38.786204,0.162459
Vidrio,Punto 68,,38.786605,0.164081
Vidrio,Punto 69,,38.7853902,0.1625511
Vidrio,Punto 70,,38.783792,0.164018
Vidrio,Punto 71,,38.783379,0.161182
Vidrio,Punto 73,,38.781577,0.155434
Vidrio,Punto 74,,38.780983,0.151062
Vidrio,Punto 12,,38.792553,0.18103
Vidrio,Punto 75,,38.783633,0.152017
Vidrio,Punto 76,,38.770117,0.148396
Vidrio,Punto 77,,38.769982,0.148399
Vidrio,Punto 78,,38.768787,0.148888
Vidrio,Punto 79,,38.76843,0.148979
Vidrio,Punto 80,,38.761338,0.145
Vidrio,Punto 81,,38.76136,0.145014
Vidrio,Punto 82,,38.762228,0.147872
Vidrio,Punto 83,,38.762234,0.147897
Vidrio,Punto 84,,38.758086,0.14889
Vidrio,Punto 211,,38.77633,0.188225
Vidrio,Punto 212,,38.7835179,0.1732026
Vidrio,Punto 213,,38.7878036,0.1724169
Vidrio,Punto 214,,38.794253,0.165515
Vidrio,Punto 215,,38.7891243,0.1816944
Vidrio,Punto 216,,38.785615,0.180211
Vidrio,Punto 217,,38.761039,0.1996687
Vidrio,Punto 13,,38.792787,0.180067
Vidrio,Punto 85,,38.747369,0.149309
Vidrio,Punto 86,,38.747353,0.149322
Vidrio,Punto 87,,38.7440869,0.166091
Vidrio,Punto 88,,38.750274,0.16919
Vidrio,Punto 89,,38.752063,0.175859
Vidrio,Punto 90,,38.7539862,0.1806604
Vidrio,Punto 91,,38.7539901,0.1806871
Vidrio,Punto 218,,38.777846,0.18524
Vidrio,Punto 92,,38.756412,0.18183
Vidrio,Punto 93,,38.762153,0.185684
Vidrio,Punto 94,,38.762152,0.185712
Vidrio,Punto 14,,38.794202,0.180727
Vidrio,Punto 95,,38.764127,0.181945
Vidrio,Punto 96,,38.76586,0.17745
Vidrio,Punto 97,,38.765841,0.177451
Vidrio,Punto 98,,38.761013,0.172494
Vidrio,Punto 99,,38.769465,0.168813
Vidrio,Punto 100,,38.7731453,0.1662751
Vidrio,Punto 101,,38.770851,0.157322
Vidrio,Punto 219,,38.7798199,0.1503742
Vidrio,Punto 102,,38.775082,0.139539
Vidrio,Punto 103,,38.787721,0.151201
Vidrio,Punto 104,,38.787388,0.142102
Vidrio,Punto 220,,38.7610631,0.1996741
Vidrio,Punto 221,,38.7872504,0.182569
Vidrio,Punto 229,,38.7656379,0.2014929
Vidrio,Punto 230,,38.7821776,0.180105
Vidrio,Punto 231,,38.7944196,0.1779176
Vidrio,Punto 231,,38.7768582,0.1108477
Vidrio,Punto 232,,38.768389,0.1983212
Vidrio,Punto 233,,38.7574383,0.2014875
Vidrio,Punto 235,,38.7487053,0.1943086
Vidrio,Punto 236,,38.7581368,0.2148476
Vidrio,Punto 233,,38.7894921,0.1634082
Vidrio,Punto 235,,38.7911353,0.1639648
Vidrio,Punto 236,,38.7885565,0.1588015
Vidrio,Punto 234,,38.77667,0.183337
Vidrio,Punto 233,,38.7946297,0.116263
Vidrio,Punto 234,,38.7946266,0.1162899
Vidrio,Punto 235,,38.7701059,0.1894176
Vidrio,Punto 234,,38.7597421,0.2042017
Papel,Punto 191,,38.7792419,0.1814837
Papel,Punto 191,,38.7883339,0.1744294
Papel,Punto 192,,38.7656421,0.2014782
Papel,Punto 193,,38.7821284,0.1801278
Papel,Punto 194,,38.7944196,0.1779646
Papel,Punto 195,,38.7683749,0.198346
Papel,Punto 197,,38.7487262,0.1942912
Papel,Punto 198,,38.7574508,0.2014634
Papel,Punto 199,,38.7581327,0.2148691
Papel,Punto 200,,38.7834885,0.1842906
Papel,Punto 3,,38.7885628,0.1291846
Papel,Punto 4,,38.7885821252378,0.129136964678764
Papel,Punto 5,,38.788571671826,0.129161104559898
Papel,Punto 6,,38.7874698736315,0.142113491892815
Papel,Punto 7,,38.7874505345168,0.142108127474785
Papel,Punto 8,,38.7877270310902,0.151237696409225
Papel,Punto 10,,38.7836364449601,0.152042359113693
Papel,Punto 11,,38.7867632,0.1583093
Papel,Punto 12,,38.7887321315278,0.15716940164566
Papel,Punto 13,,38.7909152883915,0.15893965959549
Papel,Punto 14,,38.7923311425093,0.161453559994698
Papel,Punto 15,,38.7932353092731,0.159048959612846
Papel,Punto 16,,38.7962424958706,0.156788527965546
Papel,Punto 17,,38.8030549713417,0.161537379026413
Papel,Punto 18,,38.7911144190754,0.163833349943161
Papel,Punto 19,,38.7900497690343,0.162347406148911
Papel,Punto 20,,38.7901271226412,0.16086146235466
Papel,Punto 21,,38.7895067234446,0.159373506903648
Papel,Punto 22,,38.788493271189,0.158816948533058
Papel,Punto 23,,38.788165032919,0.160506069660187
Papel,Punto 24,,38.7854685087826,0.159179717302322
Papel,Punto 25,,38.7861046237843,0.16021840274334
Papel,Punto 26,,38.7871494708659,0.161287933588028
Papel,Punto 27,,38.7886129627936,0.165249556303024
Papel,Punto 28,,38.7894926115214,0.165102034807205
Papel,Punto 29,,38.7902734670732,0.16460046172142
Papel,Punto 30,,38.7894555023766,0.163361951708794
Papel,Punto 31,,38.7865907226305,0.164050608873367
Papel,Punto 32,,38.7862295462773,0.162445977330208
Papel,Punto 33,,38.783805279059,0.164058655500412
Papel,Punto 34,,38.7853682,0.1625861
Papel,Punto 35,,38.7857303776834,0.164451599121094
Papel,Punto 36,,38.7832951165979,0.161167234182358
Papel,Punto 37,,38.78158322306,0.155469551682472
Papel,Punto 38,,38.7808827723292,0.15106737613678
Papel,Punto 39,,38.7750640607955,0.139533877372742
Papel,Punto 40,,38.7701937725311,0.148476362228394
Papel,Punto 41,,38.7614069649561,0.14503575861454
Papel,Punto 42,,38.7613850044242,0.145029723644257
Papel,Punto 43,,38.7622670804731,0.148082748055458
Papel,Punto 44,,38.7622712633804,0.148106887936592
Papel,Punto 45,,38.747455960105,0.149263590574265
Papel,Punto 46,,38.7440339,0.1660281
Papel,Punto 47,,38.7503024395923,0.169224590063095
Papel,Punto 48,,38.7540122,0.1808392
Papel,Punto 49,,38.7540122,0.180866
Papel,Punto 50,,38.7505482,0.1818826
Papel,Punto 51,,38.7620040796859,0.185733586549759
Papel,Punto 52,,38.7619842107997,0.185732915997505
Papel,Punto 53,,38.7639611378593,0.188313871622086
Papel,Punto 54,,38.7641159015908,0.182052254676819
Papel,Punto 55,,38.7658972288868,0.177434831857681
Papel,Punto 56,,38.7658778839217,0.177429467439651
Papel,Punto 57,,38.7694973924221,0.168831646442413
Papel,Punto 59,,38.7708880546413,0.157314240932465
Papel,Punto 60,,38.7623753131188,0.192174911499023
Papel,Punto 61,,38.7623638101411,0.192173570394516
Papel,Punto 62,,38.7612448751567,0.201696753501892
Papel,Punto 64,,38.754522007163,0.206639394164085
Papel,Punto 65,,38.7560269555483,0.208239331841469
Papel,Punto 66,,38.7598712800446,0.19750714302063
Papel,Punto 67,,38.7517980640202,0.212453752756119
Papel,Punto 68,,38.7505440425835,0.2196004986763
Papel,Punto 69,,38.7485892312901,0.217961668968201
Papel,Punto 70,,38.7450162543531,0.216086134314537
Papel,Punto 71,,38.7380188309326,0.216381177306175
Papel,Punto 72,,38.7380172618095,0.216353014111519
Papel,Punto 73,,38.7380130774809,0.216326862573624
Papel,Punto 74,,38.740244858963,0.224026143550873
Papel,Punto 75,,38.7332344141774,0.229024440050125
Papel,Punto 78,,38.7351943533974,0.225923135876656
Papel,Punto 79,,38.7351828460382,0.225905030965805
Papel,Punto 80,,38.7359648191814,0.222235769033432
Papel,Punto 81,,38.738396988613,0.211016088724136
Papel,Punto 82,,38.7383786822707,0.211018100380898
Papel,Punto 84,,38.7445612517741,0.209031254053116
Papel,Punto 85,,38.7451626913479,0.210148394107819
Papel,Punto 86,,38.7486237468815,0.209570378065109
Papel,Punto 87,,38.7501779771262,0.203726515173912
Papel,Punto 88,,38.7509990070355,0.201413780450821
Papel,Punto 89,,38.7523942132745,0.201351419091225
Papel,Punto 90,,38.7539745076445,0.202459841966629
Papel,Punto 91,,38.7656316,0.1893733
Papel,Punto 92,,38.7688021,0.1875052
Papel,Punto 93,,38.7699616,0.1870747
Papel,Punto 94,,38.7693415947405,0.185324549674988
Papel,Punto 95,,38.7710114353935,0.185372829437256
Papel,Punto 96,,38.7724983,0.1854184
Papel,Punto 97,,38.7736055,0.1847298
Papel,Punto 98,,38.7733107,0.1850979
Papel,Punto 99,,38.7747854240313,0.184349566698074
Papel,Punto 100,,38.7717982,0.1823876
Papel,Punto 101,,38.7851706,0.1757464
Papel,Punto 102,,38.7737492830243,0.183496624231339
Papel,Punto 104,,38.7839573862175,0.172001346945763
Papel,Punto 105,,38.7863958,0.1674181
Papel,Punto 106,,38.7877066,0.169765
Papel,Punto 107,,38.7877725,0.172344
Papel,Punto 109,,38.7862196,0.1772752
Papel,Punto 110,,38.786056,0.1728469
Papel,Punto 111,,38.789421,0.1730991
Papel,Punto 112,,38.7904679,0.1720718
Papel,Punto 113,,38.7887509,0.1705563
Papel,Punto 114,,38.7892632,0.1701104
Papel,Punto 115,,38.7890321,0.1675167
Papel,Punto 116,,38.7895893042726,0.166988298296928
Papel,Punto 117,,38.7889694230632,0.166454538702965
Papel,Punto 118,,38.7901647540953,0.166091099381447
Papel,Punto 119,,38.7910899,0.1666463
Papel,Punto 120,,38.7915539680385,0.167840570211411
Papel,Punto 121,,38.7901940229903,0.167529433965683
Papel,Punto 122,,38.7900868778697,0.169315114617348
Papel,Punto 123,,38.7943192489934,0.165578126907349
Papel,Punto 124,,38.7932091774466,0.169934034347534
Papel,Punto 125,,38.7924059,0.1703364
Papel,Punto 126,,38.7935729316092,0.173628777265549
Papel,Punto 127,,38.7933576060935,0.176484659314156
Papel,Punto 128,,38.7947352600535,0.178187191486359
Papel,Punto 129,,38.7953592720911,0.180208906531334
Papel,Punto 130,,38.7970431366079,0.181420594453812
Papel,Punto 131,,38.7988853078031,0.186529532074928
Papel,Punto 132,,38.7947274206716,0.180041939020157
Papel,Punto 133,,38.7947363053044,0.180066749453545
Papel,Punto 134,,38.7941912048995,0.180674940347672
Papel,Punto 135,,38.7941969538229,0.180702432990074
Papel,Punto 136,,38.7942544,0.1819329
Papel,Punto 137,,38.7942283115789,0.181932896375656
Papel,Punto 138,,38.7955745915598,0.182429775595665
Papel,Punto 139,,38.7955860891831,0.182461962103844
Papel,Punto 140,,38.796055399676,0.183239132165909
Papel,Punto 141,,38.7933231121397,0.178910046815872
Papel,Punto 142,,38.7926197,0.1798797
Papel,Punto 144,,38.7919689499467,0.17677903175354
Papel,Punto 145,,38.7915539680385,0.178525149822235
Papel,Punto 146,,38.7925386315031,0.181052461266518
Papel,Punto 147,,38.7925177258385,0.181289166212082
Papel,Punto 148,,38.7891121,0.1816607
Papel,Punto 149,,38.7872885038904,0.180898904800415
Papel,Punto 150,,38.7883851,0.1818484
Papel,Punto 151,,38.7799413,0.1867394
Papel,Punto 152,,38.7762502,0.1898018
Papel,Punto 153,,38.776257,0.1898172
Papel,Punto 154,,38.7763208,0.1882059
Papel,Punto 155,,38.7796005,0.1853534
Papel,Punto 156,,38.7819005145223,0.183818489313126
Papel,Punto 157,,38.7810913400945,0.183182805776596
Papel,Punto 158,,38.7831085091302,0.182057619094849
Papel,Punto 159,,38.7838423911447,0.181224793195724
Papel,Punto 160,,38.7856462243091,0.180206894874573
Papel,Punto 161,,38.7866550128749,0.179691910743713
Papel,Punto 162,,38.7876784221295,0.179203748703003
Papel,Punto 163,,38.7890917272025,0.178859084844589
Papel,Punto 164,,38.7905175480112,0.179713368415833
Papel,Punto 165,,38.7902081347746,0.175498276948929
Papel,Punto 166,,38.7917860237106,0.1746466755867
Papel,Punto 167,,38.7760928640341,0.185973644256592
Papel,Punto 168,,38.7750285124509,0.186639502644539
Papel,Punto 169,,38.7744132,0.1857819
Papel,Punto 170,,38.7730242,0.1867186
Papel,Punto 171,,38.772216,0.1871578
Papel,Punto 172,,38.7745203782942,0.187641307711601
Papel,Punto 173,,38.7745418,0.1887383
Papel,Punto 174,,38.7732145,0.1879706
Papel,Punto 175,,38.7720366,0.189079
Papel,Punto 176,,38.7716419,0.1896992
Papel,Punto 177,,38.7716315,0.1897193
Papel,Punto 178,,38.771138,0.1907527
Papel,Punto 179,,38.7708875,0.1927871
Papel,Punto 180,,38.7708928,0.1928146
Papel,Punto 181,,38.7718154962553,0.193586423993111
Papel,Punto 182,,38.7697776,0.1908714
Papel,Punto 183,,38.771185,0.1880141
Papel,Punto 184,,38.7705263,0.1866724
Papel,Punto 185,,38.7705075,0.1866804
Papel,Punto 186,,38.7612041,0.1997032
Papel,Punto 187,,38.7597086638748,0.20423412322998
Papel,Punto 188,,38.7650915,0.2002571
Papel,Punto 189,,38.7644918,0.2030915
Papel,Punto 190,,38.7610158573286,0.17253041267395
Papel,Punto 191,,38.7932102227199,0.169960856437683
Papel,Punto 192,,38.7818492879897,0.179172232747078
Papel,Punto 193,,38.7972229,0.183508
Papel,Punto 194,,38.7778263221015,0.185258165001869
Papel,Punto 195,,38.7676398,0.1873778
Papel,Punto 196,,38.7611868,0.1996992
Papel,Punto 197,,38.7798268559855,0.150421634316444
Papel,Punto 201,,38.776648,0.1833585
Papel,Punto 199,,38.7946548,0.1161651
Papel,Punto 200,,38.7946506,0.1161893
Papel,Punto 201,,38.7701227,0.1893908
Papel,Punto 202,,38.7725176,0.1854116
Papel,Punto 203,,38.7763167,0.1881821
Papel,Punto 204,,38.7732137,0.1880045
Papel,Punto 205,,38.7877851,0.1723688
Envases,Punto 179,,38.7792649,0.1814689
Envases,Punto 179,,38.7883506,0.1744241
Envases,Punto 180,,38.7656536,0.2014674
Envases,Punto 181,,38.7821075,0.1801398
Envases,Punto 182,,38.7944196,0.1779418
Envases,Punto 182,,38.7683614,0.1983688
Envases,Punto 184,,38.7487158,0.1943006
Envases,Punto 185,,38.7574592,0.2014312
Envases,Punto 186,,38.7581295,0.2148879
Envases,Punto 187,,38.7835,0.1843147
Envases,Punto 188,,38.7972187,0.1834879
Envases,Punto 3,,38.7886051227384,0.129069909453392
Envases,Punto 4,,38.7885978053526,0.129092037677765
Envases,Punto 5,,38.7874332861129,0.142102092504501
Envases,Punto 6,,38.78741290163,0.142098739743233
Envases,Punto 7,,38.7877254630598,0.151262506842613
Envases,Punto 8,,38.7836395812009,0.152068510651588
Envases,Punto 9,,38.7867768,0.1582979
Envases,Punto 10,,38.7887101794076,0.157167389988899
Envases,Punto 11,,38.7909037900148,0.158914849162102
Envases,Punto 12,,38.7923400274408,0.161476358771324
Envases,Punto 13,,38.7932159717224,0.159058347344398
Envases,Punto 14,,38.7962357018833,0.15676237642765
Envases,Punto 15,,38.8030330236325,0.161544755101204
Envases,Punto 16,,38.7911259174181,0.163886994123459
Envases,Punto 17,,38.7900649261666,0.162374898791313
Envases,Punto 18,,38.7901459383707,0.160854756832123
Envases,Punto 19,,38.7895265846652,0.159356072545052
Envases,Punto 20,,38.788514178034,0.158810913562775
Envases,Punto 21,,38.788180190452,0.160494670271873
Envases,Punto 22,,38.7854507372056,0.159193128347397
Envases,Punto 23,,38.7861265767069,0.160219073295593
Envases,Punto 24,,38.787174559552,0.161325484514236
Envases,Punto 25,,38.7886035547272,0.165226757526398
Envases,Punto 26,,38.7894774542674,0.165083259344101
Envases,Punto 27,,38.7902828749194,0.164609849452972
Envases,Punto 28,,38.789467000987,0.16338475048542
Envases,Punto 29,,38.7865823596677,0.164027810096741
Envases,Punto 30,,38.7862478403479,0.162434577941895
Envases,Punto 31,,38.7838125969366,0.164080783724785
Envases,Punto 32,,38.7853504,0.1625961
Envases,Punto 33,,38.7857481491908,0.164438858628273
Envases,Punto 34,,38.7833144568398,0.161169916391373
Envases,Punto 36,,38.7815879275567,0.155491679906845
Envases,Punto 37,,38.7809047268597,0.151065364480019
Envases,Punto 38,,38.7750515143232,0.139533877372742
Envases,Punto 39,,38.7702131163261,0.148478373885155
Envases,Punto 40,,38.7614514088691,0.145052522420883
Envases,Punto 41,,38.7614284026117,0.145041793584824
Envases,Punto 42,,38.7622613289753,0.148059278726578
Envases,Punto 43,,38.7622561003404,0.148031115531921
Envases,Punto 44,,38.7474360871687,0.14927364885807
Envases,Punto 45,,38.7440498,0.1660487
Envases,Punto 46,,38.7503202199269,0.169228613376617
Envases,Punto 47,,38.7540064,0.1807916
Envases,Punto 48,,38.754009,0.1808198
Envases,Punto 49,,38.7505571,0.1819135
Envases,Punto 50,,38.7620422488464,0.185736268758774
Envases,Punto 51,,38.7620234257014,0.185734257102013
Envases,Punto 52,,38.7639757776862,0.188297107815742
Envases,Punto 54,,38.764122698639,0.182028114795685
Envases,Punto 55,,38.7659416700031,0.177452936768532
Envases,Punto 56,,38.7659186651934,0.177444219589233
Envases,Punto 57,,38.7694953011805,0.168860480189323
Envases,Punto 59,,38.7708838722393,0.157343745231628
Envases,Punto 60,,38.7623946590346,0.192179605364799
Envases,Punto 61,,38.7612448751567,0.201727598905563
Envases,Punto 63,,38.7545444927267,0.206634029746056
Envases,Punto 64,,38.7560389824576,0.208218544721603
Envases,Punto 65,,38.7598519334458,0.197504460811615
Envases,Punto 66,,38.7517844675756,0.212434977293015
Envases,Punto 67,,38.7505335835965,0.219625309109688
Envases,Punto 68,,38.7486122416863,0.217985808849335
Envases,Punto 69,,38.7450361279629,0.216081440448761
Envases,Punto 70,,38.7380120313987,0.216305404901505
Envases,Punto 71,,38.7380083701109,0.216279923915863
Envases,Punto 72,,38.738005231864,0.216255784034729
Envases,Punto 73,,38.7402527043339,0.224047601222992
Envases,Punto 74,,38.733255337218,0.229024440050125
Envases,Punto 75,,38.7351708156154,0.225880891084671
Envases,Punto 76,,38.735947035272,0.22222101688385
Envases,Punto 77,,38.7384377855875,0.211010724306107
Envases,Punto 78,,38.7384179101413,0.211012735962868
Envases,Punto 80,,38.7445277802056,0.209052711725235
Envases,Punto 81,,38.7451731511218,0.21018460392952
Envases,Punto 82,,38.7486279305884,0.209598541259766
Envases,Punto 84,,38.7501727476061,0.203758031129837
Envases,Punto 85,,38.7509922087375,0.201387628912926
Envases,Punto 86,,38.7523795710717,0.201330631971359
Envases,Punto 87,,38.7539797368861,0.20243301987648
Envases,Punto 88,,38.7656525,0.189368
Envases,Punto 89,,38.7687832,0.1875213
Envases,Punto 90,,38.7699418,0.1870908
Envases,Punto 91,,38.7693520509715,0.185347348451614
Envases,Punto 92,,38.7709999338071,0.185348689556122
Envases,Punto 93,,38.7724805,0.1854359
Envases,Punto 94,,38.7735862,0.1847365
Envases,Punto 95,,38.7733295,0.1850865
Envases,Punto 96,,38.7748016299519,0.184338837862015
Envases,Punto 97,,38.7718234,0.1823815
Envases,Punto 98,,38.7851779,0.1757772
Envases,Punto 99,,38.7737440552315,0.183471143245697
Envases,Punto 100,,38.7839359553317,0.1720080524683
Envases,Punto 101,,38.7863816,0.1674362
Envases,Punto 102,,38.7877119,0.1697838
Envases,Punto 103,,38.7877641,0.1723158
Envases,Punto 104,,38.7862295,0.1772498
Envases,Punto 105,,38.7860429,0.1728228
Envases,Punto 106,,38.789432,0.1731085
Envases,Punto 107,,38.7904449,0.1720677
Envases,Punto 108,,38.7887656,0.1705469
Envases,Punto 109,,38.7892673,0.1700862
Envases,Punto 110,,38.7890389,0.1675422
Envases,Punto 111,,38.7895715337228,0.166999697685242
Envases,Punto 112,,38.7889673323924,0.166429728269577
Envases,Punto 113,,38.7901563915517,0.16607366502285
Envases,Punto 114,,38.7911134,0.1666524
Envases,Punto 115,,38.7915398565205,0.167849287390709
Envases,Punto 116,,38.7901840924737,0.167508646845818
Envases,Punto 117,,38.7900988990377,0.169311761856079
Envases,Punto 118,,38.7942962533363,0.165558010339737
Envases,Punto 119,,38.7932097000832,0.1699098944664
Envases,Punto 120,,38.7923949,0.1703089
Envases,Punto 121,,38.793552548882,0.173638835549355
Envases,Punto 122,,38.7933753756995,0.176475942134857
Envases,Punto 123,,38.7947530293161,0.178179815411568
Envases,Punto 124,,38.7953399351167,0.180219635367393
Envases,Punto 125,,38.7970452270419,0.181439369916916
Envases,Punto 126,,38.7988847852081,0.186503380537033
Envases,Punto 127,,38.7947185360376,0.180015787482262
Envases,Punto 128,,38.7941844107166,0.180646106600761
Envases,Punto 129,,38.7942021801165,0.18193356692791
Envases,Punto 130,,38.7956043808526,0.182492136955261
Envases,Punto 131,,38.7960716007625,0.183274671435356
Envases,Punto 132,,38.7933095236079,0.178887248039246
Envases,Punto 134,,38.7926023,0.1798635
Envases,Punto 135,,38.7919882878357,0.176770314574242
Envases,Punto 136,,38.7915482189019,0.178497657179832
Envases,Punto 137,,38.7925239975385,0.181069895625114
Envases,Punto 138,,38.7925015239441,0.181309282779694
Envases,Punto 139,,38.7891027,0.1816345
Envases,Punto 140,,38.7873020935701,0.18089085817337
Envases,Punto 141,,38.7883778,0.1818196
Envases,Punto 142,,38.7799372,0.1867166
Envases,Punto 143,,38.7762183,0.1897616
Envases,Punto 144,,38.7763103327375,0.188167691230774
Envases,Punto 145,,38.7796084,0.1853782
Envases,Punto 146,,38.7819287413716,0.183799713850021
Envases,Punto 147,,38.7811143400113,0.183172076940537
Envases,Punto 148,,38.7830896915435,0.182069018483162
Envases,Punto 149,,38.7838256645733,0.181236863136292
Envases,Punto 150,,38.7856566781499,0.180198848247528
Envases,Punto 151,,38.786675920259,0.179679840803146
Envases,Punto 152,,38.7876982838594,0.179193019866943
Envases,Punto 153,,38.7891074072052,0.178845673799515
Envases,Punto 154,,38.7905384542625,0.179701298475266
Envases,Punto 155,,38.7902259051658,0.175486207008362
Envases,Punto 156,,38.7917938634161,0.174670144915581
Envases,Punto 157,,38.7760745673583,0.185984373092651
Envases,Punto 158,,38.7750076016518,0.186632126569748
Envases,Punto 159,,38.7744085,0.1857644
Envases,Punto 160,,38.7730399,0.1867092
Envases,Punto 161,,38.7721893,0.1871739
Envases,Punto 162,,38.7745203782943,0.187616497278214
Envases,Punto 163,,38.7745219,0.1887229
Envases,Punto 164,,38.7732019,0.1881053
Envases,Punto 165,,38.7720251,0.1890937
Envases,Punto 166,,38.7716508,0.1896798
Envases,Punto 167,,38.7711463,0.1907305
Envases,Punto 168,,38.7709016,0.1928441
Envases,Punto 169,,38.7709095,0.1928669
Envases,Punto 170,,38.7718479094422,0.193549543619156
Envases,Punto 171,,38.769787,0.1908848
Envases,Punto 172,,38.7711976,0.1880027
Envases,Punto 173,,38.7704886,0.1866925
Envases,Punto 174,,38.7611487,0.1996945
Envases,Punto 175,,38.7596919316435,0.204247534275055
Envases,Punto 176,,38.7650774,0.2002812
Envases,Punto 177,,38.7644772,0.2031063
Envases,Punto 178,,38.7610095828573,0.172554552555084
Envases,Punto 180,,38.7778137761149,0.185269564390182
Envases,Punto 181,,38.7676471,0.1873952
Envases,Punto 182,,38.7798252877813,0.150404199957848
Envases,Punto 189,,38.7766397,0.1833652
Envases,Punto 187,,38.7972114,0.1834671
Envases,Punto 188,,38.7946433,0.1162134
Envases,Punto 189,,38.7946391,0.1162389
Envases,Punto 190,,38.7701415,0.1894149
Envases,Punto 190,,38.7885878,0.1291169
Envases,Punto 191,,38.7611681,0.1996954
Ropa y calzado,Ecoparc,,38.7731662,0.1662808
Ropa y calzado,Punt Verd Montgó,,38.788578,0.129203
Ropa y calzado,Punt Verd Tossals,,38.787389,0.142045
Ropa y calzado,Punt Verd Rafalet,,38.762243,0.14785
Ropa y calzado,Punt Verd Adsubia,,38.762176,0.185609
Ropa y calzado,Punt Verd Cansalades,,38.7540171,0.1809063
Ropa y calzado,Punt Verd Tarraula,,38.761336,0.144993
Ropa y calzado,Punt Verd Club de Golf,,38.747335,0.149337
Ropa y calzado,Punt Verd la Guardia,,38.73827,0.21109
Ropa y calzado,Punt Verd Cap Negre,,38.738121,0.216351
Ropa y calzado,Punt Verd la Plana,,38.803008,0.161558
Ropa y calzado,Punt Verd Balcón al Mar,,38.740202,0.223889
Ropa y calzado,Punt Verd Flor de la Neu,,38.7623034,0.192206
Ropa y calzado,Punt Verd Saladar,,38.7612164,0.199699
Ropa y calzado,Plaza Constitución x C/ Mestre José Bover,,38.789141,0.159506
Ropa y calzado,C/ Ramón Llidó,,38.786327,0.162385
Ropa y calzado,Av. Amanecer,,38.7890414,0.1676082
Ropa y calzado,C/ Patraix,,38.7912456,0.1666282
Ropa y calzado,Av. Juan Carlos I,,38.7924224,0.1703952
Ropa y calzado,Plaza Xàtiva,,38.7854004,0.1625741
Ropa y calzado,Av. Jaime I,,38.7942839,0.1810104
Ropa y calzado,C/ Joan Fuster,,38.793325,0.178838
Ropa y calzado,Av. Ausias March,,38.79346,0.176474
Ropa y calzado,Vía Augusta,,38.783874,0.181175
Ropa y calzado,Av. París,,38.7730155,0.1866853
Ropa y calzado,Ctra. Pla - Javea Park,,38.7733799,0.1850902
Ropa y calzado,Ctra. Pla x C/ Niza,,38.7704708,0.1867549
Ropa y calzado,Av. Fontana,,38.7743883,0.1857027
Ropa y calzado,Av. Libertad x C/ Atenas,,38.7708521,0.1926225
Ropa y calzado,Trav. Sorts x Ctra. Gata,,38.7815764,0.1554083
Ropa y calzado,Camí Cansalades x Camí Cabanes,,38.766034,0.177455
Ropa y calzado,Av. Ondara x Av. Colomer,,38.787065,0.15812
Ropa y calzado,C/ Mestre Ángel Ribes,,38.791108,0.163811
Ropa y calzado,Punto 35,,38.7902113,0.167571
Ropa y calzado,Punto 36,,38.7864167,0.1673846
Ropa y calzado,Punto 37,,38.7439917,0.1659919
Ropa y calzado,Punto 38,,38.7610274,0.1724392
Ropa y calzado,Punto 39,,38.7510576,0.201446
Ropa y calzado,Punto 39,,38.7946799,0.1162751
Ropa y calzado,Punto 40,,38.7505294,0.1818994
Aceite de cocina,Ecoparc,,38.7731249,0.1662214
Aceite de cocina,Punt Verd Montgó,,38.788566,0.129227
Aceite de cocina,Punt Verd Tossals,,38.787382,0.142054
Aceite de cocina,Punt Verd Rafalet,,38.762254,0.147924
Aceite de cocina,Punt Verd Adsubia,,38.762167,0.185742
Aceite de cocina,Punt Verd Cansalades,,38.7540129,0.1808863
Aceite de cocina,Punt Verd Camí de les Adsubies,,38.764134,0.181963
Aceite de cocina,Punt Verd Camí Cansalades - Tossalets,,38.761027,0.172468
Aceite de cocina,Punt Verd Cap Martí,,38.751068,0.201431
Aceite de cocina,Punt Verd Tarraula,,38.761261,0.144973
Aceite de cocina,Punt Verd Club de Golf,,38.747336,0.14934
Aceite de cocina,Punt Verd la Guardia,,38.738314,0.211059
Aceite de cocina,Punt Verd Cap Negre,,38.738125,0.21637
Aceite de cocina,Punt Verd la Plana,,38.803024,0.161555
Aceite de cocina,Punt Verd BAM,,38.740218,0.223941
Aceite de cocina,Punt Verd Flor de la Neu,,38.7623199,0.1922182
Aceite de cocina,Punt Verd Saladar,,38.7612047,0.1996882
Aceite de cocina,Camí Cansalades con Camí Cabanes,,38.765834,0.177445
Aceite de cocina,Travessía Sorts con Ctra. Gata,,38.781576,0.15539
Aceite de cocina,Av. Ondara con Av. Colomer,,38.787017,0.158132
Aceite de cocina,Mercat Municipal,En el interior del Mercat,38.7894964,0.1634201
Aceite de cocina,Plaza Constitución x C/ Mestre José Bover,,38.789132,0.159525
Aceite de cocina,C/ Ramón Llidó,,38.786223,0.162447
Aceite de cocina,Plaza Xàtiva,,38.7853862,0.1625806
Aceite de cocina,Av. Amanerer,,38.789041,0.167594
Aceite de cocina,Calle Juan Ramón Jiménez,,38.7901969,0.1675465
Aceite de cocina,C/ Mestre Àngel Ribes,,38.791138,0.163898
Aceite de cocina,Calle Vicente Boix,,38.7912409,0.1666094
Aceite de cocina,Av. Juan Carlos I,,38.7924284,0.1704198
Aceite de cocina,Av. Jaime I,,38.7942718,0.1809845
Aceite de cocina,Av. Furs,,38.792564,0.18102
Aceite de cocina,Av. Ausias March,,38.793437,0.176488
Aceite de cocina,Vía Augusta,,38.7838,0.181211
Aceite de cocina,C/ Saint Tropez,,38.772372,0.185327
Aceite de cocina,Av. París,,38.77303,0.1866724
Aceite de cocina,Ctra. Pla x C/ Niza,,38.7704953,0.1867393
Aceite de cocina,Punto 38,,38.7440095,0.166008
Aceite de cocina,Punto 38,,38.7946799,0.1162992
Aceite de cocina,Punto 39,,38.7505168,0.181894
